{"0": {"new_camera_matrix": [[368.84759521484375, 0.0, 330.1697498466274], [0.0, 399.0144348144531, 260.8702191937118], [0.0, 0.0, 1.0]], "dist": [[-0.1884435833399087, 0.06431797306545822, -0.002320217516340173, -0.00043173314817984086, -0.017394027049864598]], "camera_matrix": [[416.3701490805172, 0.0, 328.9051457812704], [0.0, 425.7129820390328, 260.05185042747104], [0.0, 0.0, 1.0]]}, "1": {"new_camera_matrix": [[737.6613159179688, 0.0, 301.69352630824505], [0.0, 806.8742065429688, 249.5121153848213], [0.0, 0.0, 1.0]], "dist": [[-0.8312713046926262, 0.9585898323424059, 0.004142889467292573, 0.0016643540576712656, -0.4182301848006621]], "camera_matrix": [[844.7725414044543, 0.0, 305.30154615328377], [0.0, 866.4574601099283, 247.81476162327613], [0.0, 0.0, 1.0]]}}