{"0": {"new_camera_matrix": [[1133.8133544921875, 0.0, 329.32569287233855], [0.0, 1223.2100830078125, 279.7138751655966], [0.0, 0.0, 1.0]], "dist": [[-1.9026881021545747, 7.229116174472309, -0.0243974347113237, -0.009276481533345727, -22.250052369746808]], "camera_matrix": [[1284.5795758970303, 0.0, 330.6183094584931], [0.0, 1307.637284485288, 279.2547833534173], [0.0, 0.0, 1.0]]}, "1": {"new_camera_matrix": [[1133.8133544921875, 0.0, 329.32569287233855], [0.0, 1223.2100830078125, 279.7138751655966], [0.0, 0.0, 1.0]], "dist": [[-1.9026881021545747, 7.229116174472309, -0.0243974347113237, -0.009276481533345727, -22.250052369746808]], "camera_matrix": [[1284.5795758970303, 0.0, 330.6183094584931], [0.0, 1307.637284485288, 279.2547833534173], [0.0, 0.0, 1.0]]}}